车次ID,车站名,到达日期,到达时间,出发日期,出发时间,延误分钟,距离,当日最高温,当日最低温,当日降水量,当日降雨量,当日降雪量,降水小时数,最大风速,最大阵风,平均云量,平均相对湿度,天气代码,天气情况
G80,上海虹桥,2026-08-22,14:04,2026-08-22,14:04,0.0,0.0,30.7,26.9,7.7,7.7,0.0,15.0,15.9,40.0,69.0,83.0,61,小雨
G80,南京南,2026-08-22,15:05,2026-08-22,15:10,-2.0,295.0,31.2,25.8,13.2,13.2,0.0,16.0,15.3,37.4,72.0,89.0,63,中雨
G81,徐州东,2026-08-22,16:19,2026-08-22,16:21,,626.0,32.2,24.9,4.6,4.6,0.0,13.0,20.0,46.1,34.0,84.0,61,小雨
G81,商丘,2026-08-22,17:05,2026-08-22,17:07,0.0,796.0,31.9,25.0,1.3,1.3,0.0,7.0,12.5,29.5,23.0,84.0,53,毛毛雨
G81,开封北,2026-08-22,17:41,2026-08-22,17:43,-1.0,934.0,33.0,24.1,1.4,1.4,0.0,6.0,9.1,23.4,10.0,71.0,51,小毛毛雨
G81,郑州东,2026-08-22,18:04,,,-2.0,986.0,31.9,24.9,0.7,0.7,0.0,5.0,8.8,23.8,13.0,80.0,51,小毛毛雨
,,,,,,,,,,,,,,,,,,,
G3726,广州,2026-08-22,08:42,2026-08-22,08:42,0.0,0.0,32.5,27.1,1.3,1.3,0.0,9.0,6.7,16.2,95.0,80.0,51,小毛毛雨
G3726,佛山西,2026-08-22,09:04,2026-08-22,09:16,0.0,26.0,9.2,2.0,3.1,3.1,0.0,14.0,10.2,32.8,85.0,90.0,53,毛毛雨
G3726,肇庆东,2026-08-22,09:35,2026-08-22,09:37,0.0,69.0,34.0,26.7,1.1,1.1,0.0,5.0,7.0,20.9,97.0,80.0,53,毛毛雨
G3726,贺州,2026-08-22,10:24,2026-08-22,10:26,0.0,254.0,33.0,25.0,8.2,8.2,0.0,15.0,6.1,22.7,94.0,87.0,63,中雨
G3726,阳朔,2026-08-22,10:58,2026-08-22,11:04,0.0,372.0,31.9,24.7,10.2,10.2,0.0,15.0,9.5,27.0,96.0,88.0,61,小雨
G3726,桂林西,2026-08-22,11:24,2026-08-22,11:28,0.0,437.0,33.8,25.3,4.7,4.7,0.0,9.0,10.6,24.1,40.0,84.0,61,小雨
G3726,都匀东,2026-08-22,12:43,2026-08-22,12:48,,734.0,30.8,24.1,2.4,2.4,0.0,13.0,16.1,36.0,62.0,84.0,53,毛毛雨
G3726,贵阳东,2026-08-22,13:23,2026-08-22,13:31,0.0,850.0,32.0,20.4,0.6,0.6,0.0,6.0,15.6,36.4,8.0,67.0,51,小毛毛雨
G3726,遵义,2026-08-22,14:18,2026-08-22,14:20,0.0,973.0,31.2,21.6,1.2,1.2,0.0,9.0,10.4,24.8,14.0,70.0,51,小毛毛雨
G3726,娄山关南,2026-08-22,14:34,2026-08-22,14:36,0.0,1003.0,31.3,21.6,1.3,1.3,0.0,7.0,9.9,23.0,16.0,73.0,51,小毛毛雨
G3726,重庆西,2026-08-22,15:43,2026-08-22,15:52,0.0,1194.0,34.6,26.9,0.4,0.4,0.0,4.0,7.6,19.8,8.0,72.0,51,小毛毛雨
G3726,重庆北,2026-08-22,16:17,2026-08-22,16:22,-4.0,1224.0,34.6,26.9,0.4,0.4,0.0,4.0,7.6,19.8,8.0,72.0,51,小毛毛雨
G3726,梁平南,2026-08-22,17:14,2026-08-22,17:19,0.0,1404.0,34.2,24.6,0.3,0.3,0.0,3.0,6.0,16.9,12.0,74.0,51,小毛毛雨
G3726,万州北,2026-08-22,17:40,2026-08-22,17:44,,1469.0,36.0,27.2,0.1,0.1,0.0,1.0,7.1,20.5,12.0,72.0,51,小毛毛雨
G3726,云阳,2026-08-22,17:57,2026-08-22,17:59,0.0,1507.0,31.0,26.0,17.6,17.6,0.0,20.0,17.0,35.6,66.0,90.0,63,中雨
G3726,巫山,2026-08-22,18:33,,,0.0,1622.0,36.9,26.2,0.1,0.1,0.0,1.0,8.5,22.3,9.0,69.0,51,小毛毛雨
,,,,,,,,,,,,,,,,,,,
G1,北京南,2026-08-22,06:30,2026-08-22,06:30,0.0,0.0,30.8,23.0,2.4,2.4,0.0,10.0,9.4,28.4,38.0,78.0,53,毛毛雨
G1,沧州西,2026-08-22,07:18,2026-08-22,07:20,0.0,210.0,34.4,25.4,8.4,8.4,0.0,13.0,8.5,21.6,77.0,89.0,63,中雨
G1,德州东,2026-08-22,07:45,2026-08-22,07:47,0.0,314.0,29.2,18.9,0.8,0.8,0.0,6.0,5.8,25.9,55.0,78.0,51,小毛毛雨
G1,曲阜东,2026-08-22,08:34,2026-08-22,08:36,,527.0,33.5,25.0,1.4,1.4,0.0,5.0,13.9,25.2,17.0,78.0,53,毛毛雨
G1,南京南,2026-08-22,10:13,2026-08-22,10:15,0.0,1015.0,31.2,25.8,13.2,13.2,0.0,16.0,15.3,37.4,72.0,89.0,63,中雨
G1,苏州北,2026-08-22,10:59,2026-08-22,11:01,1.0,1229.0,30.0,26.4,8.1,8.1,0.0,15.0,16.9,37.1,74.0,87.0,63,中雨
G1,上海虹桥,2026-08-22,11:24,,,0.0,1310.0,30.7,26.9,7.7,7.7,0.0,15.0,15.9,40.0,69.0,83.0,61,小雨
,,,,,,,,,,,,,,,,,,,
D1,北京西,2026-08-22,17:58,2026-08-22,17:58,0.0,0.0,30.8,23.0,2.4,2.4,0.0,10.0,9.4,28.4,38.0,78.0,53,毛毛雨
D1,石家庄,2026-08-22,20:24,2026-08-22,20:30,3.0,281.0,32.7,23.9,1.2,1.2,0.0,5.0,12.9,32.8,15.0,78.0,53,毛毛雨
D1,郑州,2026-08-22,23:59,2026-08-23,00:05,-1.0,707.0,31.9,24.9,0.7,0.7,0.0,5.0,8.8,23.8,13.0,80.0,51,小毛毛雨
D1,武昌,2026-08-23,04:44,2026-08-23,04:50,-13.0,1243.0,31.9,23.7,10.6,10.6,0.0,15.0,11.4,29.5,76.0,89.0,61,小雨
D1,岳阳,2026-08-23,06:47,2026-08-23,06:51,-7.0,1458.0,31.1,27.1,3.8,3.8,0.0,14.0,16.6,37.8,46.0,85.0,53,毛毛雨
D1,长沙,2026-08-23,08:16,,,-9.0,1605.0,39.5,27.6,0.2,0.2,0.0,2.0,7.0,24.5,30.0,55.0,51,小毛毛雨
,,,,,,,,,,,,,,,,,,,
